<?xml version="1.0" encoding="UTF-8"?>
<project-private xmlns="http://www.netbeans.org/ns/project-private/1">
    <editor-bookmarks xmlns="http://www.netbeans.org/ns/editor-bookmarks/2" lastBookmarkId="0"/>
    <open-files xmlns="http://www.netbeans.org/ns/projectui-open-files/2">
        <group>
            <file>file:/C:/Users/brunt/OneDrive/Área%20de%20Trabalho/Tauã/códigos/Sistema-de-biblioteca/sistema-biblioteca/src/main/Cadastro_clientes.java</file>
            <file>file:/C:/Users/brunt/OneDrive/Área%20de%20Trabalho/Tauã/códigos/Sistema-de-biblioteca/sistema-biblioteca/src/main/Consulta_cadastro_livros.java</file>
            <file>file:/C:/Users/brunt/OneDrive/Área%20de%20Trabalho/Tauã/códigos/Sistema-de-biblioteca/sistema-biblioteca/src/main/Tela_principal.java</file>
            <file>file:/C:/Users/brunt/OneDrive/Área%20de%20Trabalho/Tauã/códigos/Sistema-de-biblioteca/sistema-biblioteca/src/main/Cadastro_funcionarios.java</file>
            <file>file:/C:/Users/brunt/OneDrive/Área%20de%20Trabalho/Tauã/códigos/Sistema-de-biblioteca/sistema-biblioteca/src/main/Login.java</file>
        </group>
    </open-files>
</project-private>
